FirstName|LastName|FN|Phone|Email|Group|Marks|Marks|Marks|Marks
Macon|Ulysses|59291059|(0784) 72461899|pede@nonegestasa.com|1|6|3|2|6
Brennan|Halee|43560543|(039563) 689205|eget.venenatis.a@eget.net|4|5|4|2|6
Scott|Ferdinand|68890868|(0666) 93565166|sem.magna@faucibus.ca|3|2|3|2|4
Madaline|Price|59290359|(01736) 5686304|ut.quam.vel@abv.bg|3|5|6|5|6
Rae|Fay|67240567|(0892) 42948032|et@pede.ca|3|2|2|4|4
Marsden|Jin|59290559|(089) 60408212|sapien@dolorsitamet.net|3|5|6|4|2
Maggie|Cathleen|59290959|(0331) 43097072|euismod.urna@convalliserat.com|2|2|2|4|3
Kylan|Fiona|56250656|(04001) 8435147|facilisi.Sed.neque@vitae.net|1|5|5|2|6
Halla|Shea|51840651|(00859) 6249387|tempor.lorem@a.org|4|2|6|5|6
Buffy|Buffy|43561143|(009) 74966773|In.scelerisque@ametdiameu.net|4|3|6|3|4
Jaime|Sheila|54761154|(03094) 1990350|lectus.convallis.est@sitametultricies.ca|1|5|6|4|3
Brock|Jermaine|43560343|(0330) 19401085|eget.laoreet@ullamcorpermagna.edu|4|4|6|2|4
Iona|Harper|53290653|(0082) 06560906|nunc.id.enim@egetlacusMauris.co.uk|1|5|5|6|2
Xavier|Porter|77440977|(0254) 14140443|sodales.elit.erat@loremutaliquam.edu|4|4|6|2|2
Calvin|Jonah|44890544|(0594) 14127373|luctus@abv.bg|2|6|5|2|5
Kirk|Reed|56250556|(08853) 9506604|euismod.urna.Nullam@elit.ca|2|4|3|6|3
Irma|Dolan|53291053|(0888) 97438468|ullamcorper.viverra.Maecenas@vestibulumlorem.ca|4|3|4|6|5
Hunter|Emily|51840551|(0955) 89764240|gravida@nisidictumaugue.com|4|2|4|3|5
Bethany|Arden|43560343|(03991) 7741794|Proin.dolor.Nulla@adipiscing.edu|2|3|3|4|6
TaShya|Zena|70561170|(073) 31968227|amet@temporbibendumDonec.edu|1|5|6|4|3
Kessie|Cameron|56250356|(00468) 4182138|nisl.elementum@sapiencursus.com|3|3|5|6|6
Elizabeth|Damon|47610847|(0500) 44733065|sem@ettristiquepellentesque.co.uk|4|6|4|6|3
Travis|Arthur|70560570|(001) 98029388|sociis.natoque.penatibus@Aliquam.org|2|6|5|4|2
Lacota|Carissa|57760957|(036940) 893613|imperdiet.dictum@eros.edu|3|2|5|5|3
Abbot|Jeanette|42250442|(039063) 678791|in.lobortis@nulla.edu|2|5|6|6|6
Grady|Dorothy|50410850|(02) 69575865|Sed@porttitor.org|4|3|6|2|2
Roary|Ulric|67241167|(04368) 2405473|sem.elit@eros.com|2|6|6|4|6
Cassandra|Valentine|44891044|(033244) 188200|est@bibendumfermentummetus.org|4|3|5|3|5
Tamekah|Barrett|70560370|(0969) 04914035|tempus.scelerisque.lorem@auctor.edu|2|4|4|3|6
Miranda|Clinton|59290859|(031700) 326035|imperdiet@risus.org|2|3|3|2|5
Kuame|Warren|56250656|(00048) 4740046|varius.et@augueSed.net|3|5|3|4|5
Orli|Ivy|62410362|(037) 58560042|malesuada@Quisque.org|3|6|6|2|4
Sarah|Carolyn|68890868|(091) 03979125|arcu.Sed@malesuadaInteger.ca|3|6|3|2|6
Rana|Andrew|67240467|(0997) 38855714|consectetuer.adipiscing.elit@sempertellusid.co.uk|1|4|6|3|2
Dominique|Alice|46241046|(0946) 48266565|Ut.tincidunt.vehicula@hendrerit.com|2|4|3|4|3
Anne|Deborah|42250842|(062) 92037385|Aliquam.erat@nisinibh.com|2|2|5|5|2
Alika|Nadine|42250342|(089) 68939847|justo@risusDonecnibh.edu|2|4|5|5|6
Keane|Kristen|56250656|(085) 78809734|felis@consectetuer.net|3|2|6|4|4
Quynn|Graiden|65610765|(008) 11041544|fermentum.arcu@lobortisultricesVivamus.ca|1|6|3|2|3
Audrey|Dieter|42250942|(025) 70114491|arcu.Vestibulum@Donec.com|4|5|6|5|5
Lael|Yvonne|57761157|(095) 68948061|nibh.dolor@Sed.edu|4|5|5|6|4
Chaney|Price|44890844|(02) 858270|tempus.eu@liberoDonecconsectetuer.edu|3|2|3|5|6
Nicholas|Brenna|60840460|(051) 33498964|pede@tellusNunc.ca|3|3|3|2|4
Halee|Shoshana|51840851|(09970) 5469121|diam@eu.co.uk|4|6|3|3|5
Dora|Ayanna|46241046|(090) 06163141|odio@aliquetProin.ca|3|2|3|5|4
Larissa|Abigail|57760357|(089) 42499914|molestie.dapibus@dignissimmagnaa.edu|1|6|4|2|4
Rama|Jordan|67241067|(08978) 3281105|dictum.mi@cursusvestibulumMauris.org|2|4|2|2|4
Vanna|Evelyn|73960473|(02129) 2072949|magnis.dis@mollisPhaselluslibero.edu|4|5|5|5|4
Lynn|Carly|57760757|(094) 95618911|tellus@vitaerisusDuis.ca|1|3|4|4|4
Judith|Cheryl|54760354|(01965) 0477499|urna.nec.luctus@ultriciesornare.org|4|6|6|5|2
Montana|Cade|59290359|(02) 530449|lacus.Nulla@augueut.co.uk|2|4|3|2|5
Kai|Alfonso|56250556|(032819) 439000|dictum.eu.eleifend@Loremipsumdolor.com|2|4|6|2|3
Isaiah|Rae|53290753|(004) 11190021|Fusce.diam.nunc@tincidunttempus.net|4|5|2|2|5
Sawyer|Gisela|68890868|(02) 84003819|Nulla@dictumPhasellusin.org|3|6|5|5|5
Troy|Aurora|70560770|(053) 20524785|cubilia@eratSed.net|3|3|4|3|3
Isaiah|MacKensie|53290453|(00959) 0760398|ligula@interdum.net|1|5|2|4|3
Aubrey|Louis|42250342|(002) 34497552|quam@interdumfeugiat.co.uk|1|2|2|4|2
Unity|Jennifer|72251072|(033486) 476581|pellentesque@pedenec.org|4|3|5|5|3
Holly|Lane|51841051|(030647) 311866|In.tincidunt@ipsum.org|2|6|3|2|3
Kaden|Elizabeth|56250856|(0531) 45907758|Pellentesque@etrisus.edu|4|6|3|4|5
Geoffrey|Ulric|50410550|(030664) 057093|massa.Integer@consectetueradipiscing.edu|2|2|2|2|5
Michelle|Eleanor|59291159|(0008) 14323504|rutrum@Fusce.org|3|6|4|4|4
Jaden|Cedric|54760554|(06878) 8909192|sagittis@mollis.com|3|2|2|4|2
Meredith|Dante|59291059|(033255) 611289|Cras@dolor.co.uk|1|4|3|6|3
Ora|Xyla|62410762|(08695) 3166142|Mauris.ut.quam@turpisegestasAliquam.edu|3|6|3|3|2
Dora|Griffith|46241146|(0539) 47383304|eget@abv.bg|2|2|3|4|4
Jescie|Erin|54760754|(01075) 9401239|rutrum.urna.nec@maurisid.net|3|6|4|3|2
Illana|Orson|53290453|(030872) 917032|in.lobortis@ac.org|2|3|6|5|2
Kitra|Kasper|56251056|(039418) 556789|fringilla.purus.mauris@viverraMaecenasiaculis.ca|3|3|5|4|5
Nerea|Aaron|60840960|(031217) 497292|purus@pedenecante.ca|3|3|2|5|2
Judah|Eleanor|54760554|(00268) 7702781|dui.Fusce@utdolordapibus.net|3|4|6|5|3
Castor|Gillian|44890744|(033) 72564757|libero.Proin.mi@abv.bg|4|3|4|2|6
Allegra|Jeremy|42250942|(07304) 4803591|lorem@erosNamconsequat.org|1|6|4|5|5
Kasimir|Madeson|56250656|(039802) 565567|nascetur.ridiculus.mus@Phasellus.ca|4|2|3|5|6
Ezekiel|Gretchen|47610347|(029) 35109725|scelerisque@sitametconsectetuer.co.uk|2|3|6|5|5
Paloma|Quon|64000664|(09009) 1916119|sapien@justo.org|4|4|4|3|4
Rafael|Ann|67240767|(02454) 7203164|nibh.Donec@diamat.ca|1|5|2|6|2
Kelly|Graham|56250856|(08935) 2099130|est.Nunc@orciconsectetuereuismod.com|3|5|5|4|3
Orla|Wyatt|62411062|(06193) 0997387|arcu.Vestibulum.ante@atvelitCras.ca|4|2|2|3|2
Martena|Harlan|59290359|(02) 3654451|adipiscing@vulputate.co.uk|3|3|3|5|3
Jamalia|Idola|54761054|(0080) 96803745|nisi.nibh@nulla.ca|1|2|3|6|4
Reed|Wade|67240967|(023) 38447342|Vivamus.rhoncus@laoreetipsumCurabitur.ca|1|3|2|6|6
Martena|Declan|59290559|(04275) 3135001|Suspendisse.commodo@vestibulum.com|3|4|3|6|6
Dean|Hadassah|46240346|(02) 224986|elit@egestasnuncsed.org|4|2|4|3|3
Kiona|Marah|56250756|(035340) 657399|mauris@dis.org|1|6|2|4|4
Destiny|Abdul|46240346|(031261) 975421|egestas.a.dui@ligula.net|2|5|5|4|4
Merritt|Sybil|59290759|(061) 32459268|Donec.dignissim@mollisvitae.net|1|5|6|3|2
Stephen|Justina|68890368|(077) 23633556|placerat.augue@ligula.ca|4|6|3|6|5
Levi|Nissim|57760957|(037312) 931012|facilisi.Sed@ut.ca|1|6|5|3|4
Macy|Scott|59290859|(045) 40058063|dis.parturient@pedenec.org|1|4|2|4|3
Marshall|Jordan|59290859|(0859) 80409856|Integer.aliquam@ultrices.com|3|4|6|2|2
Giacomo|Rhoda|50410450|(02) 496033|iaculis@commodoauctor.net|2|4|5|4|6
Ursa|Zahir|72250772|(08942) 3796241|nunc.est.mollis@maurisipsum.ca|1|4|3|5|2
Oliver|Kadeem|62411162|(0295) 49374686|malesuada.fames.ac@abv.bg|2|6|5|5|2
Pascale|Quamar|64000764|(0795) 40344590|Curae.Donec@risusMorbimetus.edu|2|4|4|6|6
Oscar|Jana|62411162|(059) 10148002|mollis.lectus.pede@eu.net|1|5|3|3|4
Aurelia|Audrey|42250642|(038146) 883768|in.consequat@tinciduntcongueturpis.edu|1|2|3|4|2
Harper|Winter|51840551|(054) 69076384|nec.urna.suscipit@libero.org|4|2|3|6|3
Nicholas|Warren|60840360|(06710) 0942274|lacus.Etiam.bibendum@Phasellusdolor.edu|2|6|4|6|2
Ora|Imani|62411162|(0506) 14592018|at@famesacturpis.co.uk|1|6|4|2|6
